"-68","tADeiRF6EVFoCmz29lHzTIgeoP8tab6WVgOjsvZQVyKnF","2010-08-02 17:19:09","True"
"-26","0kEnPHT9ExO9NPowuw2lQQrDvp0LefxG6bq6m0aLmTbc0","2019-10-30 17:19:09","False"
"16","nlo6HjrAN16B2y06HmzGN2YAUkAD0yKFyZLScN8kR7cX7","2022-09-19 17:19:09","True"
"79","H07QgQLutF5EmGnHo7Y9mc7yddjApS85TiXyOt6skxpdq","2012-06-19 17:19:09","True"
"56","tJajZCSps9n1TJbkUAc7vDfMYGbS7SGJ3ua2HxpR4oLEw","2000-06-13 17:19:09","True"
"-95","UaCnzacLmboYyWQy7CyLnnAZggDgVuOYU8mChD3IDP8uf","2048-04-09 17:19:09","True"
"50","Ap8XUWXr52Off840HTFo092DYvUux8KVoNcvW0fhGdZ1R","2051-07-22 17:19:09","False"
"-54","UfS3wBm8PwqNNw3tgd8SvV0pCTT7Qp4pJJBfV1BOd1Zmb","2032-09-08 17:19:09","True"
"98","jqyN3GA3zoR03Z3Ph9vYjWIlTKeDhltpZGHvgvCQS3cgd","2022-07-26 17:19:09","False"
"-8","FaALXQDIIYJM6s9b1FvhSxmH2xMrzk1gwMTofSRC1KEtX","2032-11-13 17:19:09","False"
"75","P2yHgQn897EAoRwyuyNiAV5hKZLZC59yIp1yD4NcOjEoV","2026-07-28 17:19:09","False"
"57","KCwv2iZCEbl0jnTbFPEoATGItNvk7fPU0XtqYNHVZoeqY","2032-11-21 17:19:09","False"
"69","k2Y1fSxepqbi33hMmmFtF6NwUDCfB1muCx0HtlNrsUVVC","2047-03-02 17:19:09","True"
"-11","VSvgXOAdsjPyaOaOG6AyPlZTOsh5rHRY3HDigNLldXiT6","2019-07-10 17:19:09","True"
"-68","OKHlGDnM3FBEBw06j6fwEZDgLA1ftnI3HBQPD4mzegbS0","2030-11-10 17:19:09","True"
"5","ds6p5NL8U8JvAocPkT7OuRdpAZttH5yQxXRW81kx33cVQ","1998-07-23 17:19:09","True"
"-21","4Udsh13iSzEoXCfscT2Opbbj0QSlkHOKIjM3XRrEal2sW","2042-01-11 17:19:09","False"
"-52","CMPoZRW8P2Sg3NHQRzIXHY5ar8LgUdR8zErhB8LZkVEuD","2022-03-29 17:19:09","False"
"59","Yq8cnlt0EToEJUhCwNr8SLXDmdCeC4bg55i6vKIu7vEHF","2044-04-03 17:19:09","True"
"-66","XlG45u16YjGxZbZ0EoatXKMxZqeajOnEVbGJtMkJETBWA","2004-08-03 17:19:09","False"
"-53","mJmfCKwdGGB8WBOHSs0SdmVlyQcZBblUuOJTKrLtfeSfL","2043-08-03 17:19:09","True"
"-52","kE2ZZKTOFVYKQC2P9UjNNdZDNcB8rQBaj0bJwQbrYDrlX","2032-09-19 17:19:09","True"
"-37","sjigc5AYZ2Cy7KoqEeEqB1i6mIIcWNz2Clakv1mY4Go9t","2014-08-24 17:19:09","False"
"-83","YbNsUaKQmzbm6SdRLYHTuR6Dky7cXs6bq7GJRw3URed7r","2028-07-28 17:19:09","True"
"14","PpPf3uthL6CODXsj7aX4mRKLVhzkse4RN5GRS4hdlfQ91","2004-04-26 17:19:09","False"
